<?xml version="1.0" encoding="utf-8"?>
<updates>
    <update>
        <name>Leaflet Map Plugin</name>
        <description>Added several functions: Toggle zoom-wheel. Toggle open title on load. kml display. </description>
        <element>leafletmap</element>
        <type>plugin</type>
        <folder>system</folder>
        <version>1.0.4</version>
        <!-- <infourl title="Leaflet Map Plugin">https://lrio.com/test/readme.md</infourl> -->
        <infourl title="Leaflet Map Plugin">https://github.com/grantiago/leafletmap_plugin/tree/main#readme</infourl>
        <downloads>
            <!-- <downloadurl type="full" format="zip">https://lrio.com/test/leafletmap_1.0.3.zip</downloadurl> -->
            <downloadurl type="full" format="zip">https://github.com/grantiago/leafletmap_plugin/releases/releases/leafletmap_1.0.3.zip</downloadurl>
            <downloadsource type="full" format="zip">https://github.com/grantiago/leafletmap_plugin/releases/releases/leafletmap_1.0.3.zip</downloadsource>
        </downloads>
        <tags>
            <tag>stable</tag>
        </tags>
        <maintainer>L Rio</maintainer>
        <maintainerurl>https://github.com/grantiago/leafletmap_plugin</maintainerurl>
        <targetplatform name="joomla" version="4.[0-9]"/>
        <client>site</client>        
    </update>
    <update>
        <name>Leaflet Map Plugin</name>
        <description>Added several functions: Toggle zoom-wheel. Toggle open title on load. + kml display. + joomla update server.</description>
        <element>leafletmap</element>
        <type>plugin</type>
        <folder>system</folder>
        <version>1.0.3</version>
        <!-- <infourl title="Leaflet Map Plugin">https://lrio.com/test/readme.md</infourl> -->
        <infourl title="Leaflet Map Plugin">https://github.com/grantiago/leafletmap_plugin/tree/main#readme</infourl>
        <downloads>
            <downloadurl type="full" format="zip">https://github.com/grantiago/leafletmap_plugin/releases/releases/leafletmap_1.0.3.zip</downloadurl>
            <!-- <downloadurl type="full" format="zip">https://lrio.com/test/leafletmap_1.0.3.zip</downloadurl> -->
        </downloads>
        <tags>
            <tag>stable</tag>
        </tags>
        <maintainer>L Rio</maintainer>
        <maintainerurl>https://github.com/grantiago/leafletmap_plugin</maintainerurl>
        <targetplatform name="joomla" version="4.[0-9]"/>
        <client>administrator</client>
    </update>
</updates>
