<?xml version="1.0" encoding="utf-8"?>
<extension version="4" type="plugin" group="system" method="upgrade">
    <name>Leaflet Map</name>
    <author>Grant Amaral</author>
    <creationDate>2023-07-10</creationDate>
    <copyright>Copyright (C) 2023 Grant Amaral</copyright>
    <license>GPLv2</license>
    <description>PLG_SYSTEM_LEAFLETMAP_DESCRIPTION_DESC</description>
    <authorEmail>grant@grantamaral.com</authorEmail>
    <authorUrl>https://lrio.com/</authorUrl>
    <version>1.0.3</version>
    <group>System</group>

    <files>
        <filename plugin="leafletmap">leafletmap.php</filename>
        <folder>language</folder>
        <folder>css</folder>
        <folder>js</folder>

    </files>
    <languages folder="language">
        <language tag="en-GB">en-GB/plg_system_leafletmap.ini</language>
        <language tag="en-GB">en-GB/plg_system_leafletmap.sys.ini</language>
        <language tag="es-ES">es-ES/plg_system_leafletmap.sys.ini</language>
        <language tag="es-ES">es-ES/plg_system_leafletmap.ini</language>
    </languages>

    <updateservers> 
        <server type="extension" priority="1" name="Leaflet Map Plugin Repository">https://raw.githubusercontent.com/grantiago/leafletmap_plugin/main/releases/update.xml</server>
        <!-- <server type="extension" priority="1" name="Leaflet Map Plugin Repository">https://lrio.com/test/update.xml</server> -->
    </updateservers>

    <config>
        <fields name="params">
           
            <fieldset name="settings" label="Settings">
            <field name="version" type="note" class="alert alert-info" label="Version: " description="PLG_SYSTEM_LEAFLETMAP_VERSION" />
            
                <field
                    name="latitude"
                    type="text"
                    default="43.66"
                    label="PLG_SYSTEM_LEAFLETMAP_LATITUDE"
                    description="PLG_SYSTEM_LEAFLETMAP_LATITUDE_DESC"
                />
                <field
                    name="longitude"
                    type="text"
                    default="-116.23"
                    label="PLG_SYSTEM_LEAFLETMAP_LONGITUDE"
                    description="PLG_SYSTEM_LEAFLETMAP_LONGITUDE_DESC"
                />
                <field
                    name="zoom"
                    type="int"
                    default="13"
                    label="PLG_SYSTEM_LEAFLETMAP_ZOOM"
                    description="PLG_SYSTEM_LEAFLETMAP_ZOOM_DESC"
                />
                <field
                    name="marker_title"
                    type="text"
                    default="Map Marker"
                    label="PLG_SYSTEM_LEAFLETMAP_MARKER_TITLE"
                    description="PLG_SYSTEM_LEAFLETMAP_MARKER_TITLE_DESC"
                />
                <field name="basemap"
                    type="radio"
                    default="Open street map"
                    description="Which base map?"
                    label="PLG_SYSTEM_LEAFLETMAP_BASEMAP_LABEL">
                    <option value="https://{s}.tile.opentopomap.org/{z}/{x}/{y}.png">Open Topo</option>
                    <option value="https://server.arcgisonline.com/ArcGIS/rest/services/World_Imagery/MapServer/tile/{z}/{y}/{x}">Esri Satellite</option>
                    <option value="https://{s}.tile.openstreetmap.org/{z}/{x}/{y}.png">Open street map</option>
                </field>
                <field name="title_toggle"
                    type="radio"
                    default="1"
                    description="title opon on load"
                    label="title_toggle open on load.">
                    <option value="1">JYES</option>
                    <option value="0">JNO</option>
                </field>
                <field
                    name="div width"
                    type="text"
                    default="100%"
                    label="PLG_SYSTEM_LEAFLETMAP_DIV_WIDTH"
                    description="PLG_SYSTEM_LEAFLETMAP_DIV_WIDTH_DESC"
                />
                <field
                    name="div height"
                    type="text"
                    default="150px"
                    label="PLG_SYSTEM_LEAFLETMAP_DIV_HEIGHT"
                    description="PLG_SYSTEM_LEAFLETMAP_DIV_HEIGHT_DESC"
                />

                <field name="kml_toggle" type="radio" default="0" disabled="disabled" label="PLG_SYSTEM_LEAFLETMAP_KML_ENABLE" description="PLG_SYSTEM_LEAFLETMAP_KML_ENABLE_DESC">
                    <option value="1">JYES</option>
                    <option value="0">JNO</option>
                </field>
                <field name="zoom_wheel" type="radio" 
                    default="1"  label="disable zoom_wheel" description="zoom_wheel_DESC">
                    <option value="1">JYES</option>
                    <option value="0">JNO</option>
                </field>

                <field
                    name="kml"
                    type="text"
                    default=""
                    hint="/kml/staircase.kml"
                    label="PLG_SYSTEM_LEAFLETMAP_KML"
                    description="PLG_SYSTEM_LEAFLETMAP_KML_DESC"
                />
            </fieldset>
        </fields>
    </config>
</extension>
