<?xml version="1.0" encoding="utf-8"?>
<updates>
    <update>
        <name>Leaflet Map Plugin</name>
        <description>Added several functions: Toggle zoom-wheel. Toggle open title on load. kml display. </description>
         <element>leafletmap_plugin</element>
        <type>plugin</type>
        <version>0.0.3</version>
        <infourl title="Leaflet Map Plugin" >https://github.com/grantiago/leafletmap_plugin/readme.md</infourl>
        <downloads>
            <downloadurl type="full" format="zip">https://github.com/grantiago/leafletmap_plugin/releases/leafletmap_0.0.3.zip</downloadurl>
        </downloads>
        <tags>
            <tag>stable</tag>
        </tags>
        <maintainer>L Rio</maintainer>
        <maintainerurl>https://www.lrio.com</maintainerurl>
        <targetplatform name="joomla" version="4.[0-9]"/>
    </update>
</updates>
